video_id,title,description,published_at,channel_id,channel_title,tags,category_id,duration,view_count,like_count,comment_count,favorite_count,thumbnail_url
qlDfY6Vp6bY,EVERY F1 Sprint Highlight of the 2024 F1 Season,"The F1 Sprint delivered once again in 2024, with all six events providing plenty of exciting action. Relive all the best moments here!

For more F1¬Æ videos, visit https://www.Formula1.com

Follow F1¬Æ:
https://www.instagram.com/F1
https://www.facebook.com/Formula1/
https://www.twitter.com/F1
https://www.twitch.tv/formula1
https://www.tiktok.com/@f1

#F1 #F1Sprint",2024-12-26T14:00:49Z,UCB_qr75-ydFVKSF9Dmo6izg,FORMULA 1,F1|Formula One|Formula 1|Sports|Sport|Action|GP|Grand Prix|Auto Racing|Motor Racing,17,PT37M14S,616095,5642,226,0,https://i.ytimg.com/vi/qlDfY6Vp6bY/hqdefault.jpg
L56zt85tv48,When F1 Does Secret Santa... üéÅ,"Lando Norris, Lance Stroll & Charles Leclerc react to their secret santa gifts. 

For more F1¬Æ videos, visit https://www.Formula1.com

Follow F1¬Æ:
https://www.instagram.com/F1
https://www.facebook.com/Formula1/
https://www.twitter.com/F1
https://www.twitch.tv/formula1
https://www.tiktok.com/@f1

#F1",2024-12-24T14:00:23Z,UCB_qr75-ydFVKSF9Dmo6izg,FORMULA 1,F1|Formula One|Formula 1|Sports|Sport|Action|GP|Grand Prix|Auto Racing|Motor Racing|lando norris|charles leclerc|lance stroll,17,PT1M51S,190312,14643,75,0,https://i.ytimg.com/vi/L56zt85tv48/hqdefault.jpg
3IDclJXQBAU,Lewis Hamilton Winning For Mercedes For One Hour Straight!,"As we mark the end of an incredible era for Lewis Hamilton at Mercedes, we look at some of the most memorable victories from his 12 years with the Silver Arrows.

For more F1¬Æ videos, visit https://www.Formula1.com

Follow F1¬Æ:
https://www.instagram.com/F1
https://www.facebook.com/Formula1/
https://www.twitter.com/F1
https://www.twitch.tv/formula1
https://www.tiktok.com/@f1

#F1",2024-12-24T14:00:02Z,UCB_qr75-ydFVKSF9Dmo6izg,FORMULA 1,F1|Formula One|Formula 1|Sports|Sport|Action|GP|Grand Prix|Auto Racing|Motor Racing|lewis hamilton|mercedes,17,PT1H,1039614,13583,586,0,https://i.ytimg.com/vi/3IDclJXQBAU/hqdefault.jpg
q_X37xjVCTs,The F1 Grid Does Secret Santa 2024!,"It's F1 Secret Santa time again! Let's unwrap these presents and find out what this year‚Äôs grid got each other for Christmas‚Ä¶

For more F1¬Æ videos, visit https://www.Formula1.com

Follow F1¬Æ:
https://www.instagram.com/F1
https://www.facebook.com/Formula1/
https://www.twitter.com/F1
https://www.twitch.tv/formula1
https://www.tiktok.com/@f1

#F1",2024-12-22T15:00:52Z,UCB_qr75-ydFVKSF9Dmo6izg,FORMULA 1,F1|Formula One|Formula 1|Sports|Sport|Action|GP|Grand Prix|Auto Racing|Motor Racing|secret santa,17,PT17M50S,3131787,137503,3664,0,https://i.ytimg.com/vi/q_X37xjVCTs/hqdefault.jpg
Ky4S7V3x8Sg,Yuki Tsunoda Got Nothing Right! üòÖ,"Yuki Tsunoda takes on Wrong Answers Only, including a question on the true sound of an F1 car!

For more F1¬Æ videos, visit https://www.Formula1.com

Follow F1¬Æ:
https://www.instagram.com/F1
https://www.facebook.com/Formula1/
https://www.twitter.com/F1
https://www.twitch.tv/formula1
https://www.tiktok.com/@f1

#F1",2024-12-21T12:00:32Z,UCB_qr75-ydFVKSF9Dmo6izg,FORMULA 1,,17,PT1M32S,313706,23411,227,0,https://i.ytimg.com/vi/Ky4S7V3x8Sg/hqdefault.jpg
gZzHZwJ4gGk,Terry LOVES Speed!! üòç,"Star of Brooklyn Nine-Nine, acting legend and all-round F1 superfan, Terry Crews joins Isack Hadjar for an unforgettable Pirelli Hot Lap at the Las Vegas Grand Prix!

For more F1¬Æ videos, visit https://www.Formula1.com

Follow F1¬Æ:
https://www.instagram.com/F1
https://www.facebook.com/Formula1/
https://www.twitter.com/F1
https://www.twitch.tv/formula1
https://www.tiktok.com/@f1

#F1 #F1PirelliHotLaps #Brooklyn99",2024-12-18T11:00:57Z,UCB_qr75-ydFVKSF9Dmo6izg,FORMULA 1,,17,PT54S,101699,6371,45,0,https://i.ytimg.com/vi/gZzHZwJ4gGk/hqdefault.jpg
-YADD9sMc3A,Carlos Sainz's Biggest Test üëä,"In this segment of the Beyond The Grid podcast, Carlos Sainz addresses one of his toughest tests as an F1 driver. 

For more F1¬Æ videos, visit https://www.Formula1.com

Follow F1¬Æ:
https://www.instagram.com/F1
https://www.facebook.com/Formula1/
https://www.twitter.com/F1
https://www.twitch.tv/formula1
https://www.tiktok.com/@f1

#F1",2024-12-04T16:00:00Z,UCB_qr75-ydFVKSF9Dmo6izg,FORMULA 1,F1|Formula One|Formula 1|Sports|Sport|Action|GP|Grand Prix|Auto Racing|Motor Racing|carlos sainz,17,PT49S,82555,5745,49,0,https://i.ytimg.com/vi/-YADD9sMc3A/hqdefault.jpg
wUtVDvqTtNw,Best Team Radio | 2024 Qatar Grand Prix | Paramount+,"Joy, jubilation and penalty confusion. Here is all the chaos and drama from the airwaves in Qatar.

For more F1¬Æ videos, visit https://www.Formula1.com

Follow F1¬Æ:
https://www.instagram.com/F1
https://www.facebook.com/Formula1/
https://www.twitter.com/F1
https://www.twitch.tv/formula1
https://www.tiktok.com/@f1

#F1 #QatarGP",2024-12-02T18:07:16Z,UCB_qr75-ydFVKSF9Dmo6izg,FORMULA 1,F1|Formula One|Formula 1|Sports|Sport|Action|GP|Grand Prix|Auto Racing|Motor Racing,17,PT12M59S,532068,14433,728,0,https://i.ytimg.com/vi/wUtVDvqTtNw/hqdefault.jpg
NGSPg5ns2-0,Race Highlights | 2024 Qatar Grand Prix,"Catch up on an action-packed Qatar Grand Prix, including a host of incidents with huge ramifications for the constructors' championship heading into the final round of 2024.

For more F1¬Æ videos, visit https://www.Formula1.com

Follow F1¬Æ:
https://www.instagram.com/F1
https://www.facebook.com/Formula1/
https://www.twitter.com/F1
https://www.twitch.tv/formula1
https://www.tiktok.com/@f1

#F1",2024-12-01T18:47:05Z,UCB_qr75-ydFVKSF9Dmo6izg,FORMULA 1,F1|Formula One|Formula 1|Sports|Sport|Action|GP|Grand Prix|Auto Racing|Motor Racing|qatar|f1 highlights,17,PT8M4S,5912137,108000,4424,0,https://i.ytimg.com/vi/NGSPg5ns2-0/hqdefault.jpg
Pr32-xKm6no,Sprint Qualifying Highlights | 2024 Qatar Grand Prix,"Catch up on the key moments as the starting grid for the final Sprint of 2024 is decided.

For more F1¬Æ videos, visit https://www.Formula1.com

Follow F1¬Æ:
https://www.instagram.com/F1
https://www.facebook.com/Formula1/
https://www.twitter.com/F1
https://www.twitch.tv/formula1
https://www.tiktok.com/@f1

#F1 #QatarGP",2024-11-29T18:43:34Z,UCB_qr75-ydFVKSF9Dmo6izg,FORMULA 1,F1|Formula One|Formula 1|Sports|Sport|Action|GP|Grand Prix|Auto Racing|Motor Racing|qatar grand prix|lando norris,17,PT6M,2746693,52643,1661,0,https://i.ytimg.com/vi/Pr32-xKm6no/hqdefault.jpg
mXvVI_NU1ak,Top 10 Onboards | 2024 Las Vegas Grand Prix | Qatar Airways,"Ride onboard with our drivers for the 2024 Las Vegas Grand Prix in what was a title-defining race weekend as Max Verstappen clinched his fourth ever title. Presented by Qatar Airways.

For more F1¬Æ videos, visit https://www.Formula1.com

Follow F1¬Æ:
https://www.instagram.com/F1
https://www.facebook.com/Formula1/
https://www.twitter.com/F1
https://www.twitch.tv/formula1
https://www.tiktok.com/@f1

#F1 #LasVegasGP",2024-11-26T16:11:48Z,UCB_qr75-ydFVKSF9Dmo6izg,FORMULA 1,F1|Formula One|Formula 1|Sports|Sport|Action|GP|Grand Prix|Auto Racing|Motor Racing|max verstappen|las vegas grand prix,17,PT12M6S,253736,5966,265,0,https://i.ytimg.com/vi/mXvVI_NU1ak/hqdefault.jpg
k_s3C2PsYxs,When Charles Faced One Of Walter Koster's Epic Questions üòÖ,"Who remembers this moment when Charles Leclerc was greeted with one of Walter Koster's incredibly long questions at a press conference?

For more F1¬Æ videos, visit https://www.Formula1.com

Follow F1¬Æ:
https://www.instagram.com/F1
https://www.facebook.com/Formula1/
https://www.twitter.com/F1
https://www.twitch.tv/formula1
https://www.tiktok.com/@f1

#F1",2024-11-26T13:00:52Z,UCB_qr75-ydFVKSF9Dmo6izg,FORMULA 1,F1|Formula One|Formula 1|Sports|Sport|Action|GP|Grand Prix|Auto Racing|Motor Racing|charles leclerc|walter koster,17,PT1M40S,342986,19981,204,0,https://i.ytimg.com/vi/k_s3C2PsYxs/hqdefault.jpg
aFGMJMX3C_8,"'""We Should Take Him To The Casino"" ü§£üÉè","Sergio Perez started plotting after witnessing magician Shin Lim's incredible sleight of hand in the paddock.

For more F1¬Æ videos, visit https://www.Formula1.com

Follow F1¬Æ:
https://www.instagram.com/F1
https://www.facebook.com/Formula1/
https://www.twitter.com/F1
https://www.twitch.tv/formula1
https://www.tiktok.com/@f1

#F1",2024-11-23T15:00:02Z,UCB_qr75-ydFVKSF9Dmo6izg,FORMULA 1,F1|Formula One|Formula 1|Sports|Sport|Action|GP|Grand Prix|Auto Racing|Motor Racing|shin lim|magic|magician|card tricks|red bull|red bull racing|max verstappen|sergio perez,17,PT54S,154039,9405,66,0,https://i.ytimg.com/vi/aFGMJMX3C_8/hqdefault.jpg
j4ivC3V5Gvg,Wholesome Lewis and Max ü•∞,"They've fought fiercely for championships and victories over the years, but off-track, Lewis and Max have always maintained a good relationship!

For more F1¬Æ videos, visit https://www.Formula1.com

Follow F1¬Æ:
https://www.instagram.com/F1
https://www.facebook.com/Formula1/
https://www.twitter.com/F1
https://www.twitch.tv/formula1
https://www.tiktok.com/@f1

#F1",2024-11-20T15:30:25Z,UCB_qr75-ydFVKSF9Dmo6izg,FORMULA 1,,17,PT23S,1288065,58257,311,0,https://i.ytimg.com/vi/j4ivC3V5Gvg/hqdefault.jpg
2RaasOohw9M,‚ÄúWhy‚Äôd You Stop?‚Äù ü•∫,"Lewis Hamilton was in a generous mood ahead of the 2023 Las Vegas Grand Prix, offering rival Carlos Sainz a massage ahead of the race! The only problem was, it didn't last long enough for Carlos' liking...

For more F1¬Æ videos, visit https://www.Formula1.com

Follow F1¬Æ:
https://www.instagram.com/F1
https://www.facebook.com/Formula1/
https://www.twitter.com/F1
https://www.twitch.tv/formula1
https://www.tiktok.com/@f1

#F1 #LasVegasGP",2024-11-20T11:00:03Z,UCB_qr75-ydFVKSF9Dmo6izg,FORMULA 1,,17,PT21S,1911738,110125,496,0,https://i.ytimg.com/vi/2RaasOohw9M/hqdefault.jpg
bhhmw_Fxjp0,INSIDE STORY: Alpine‚Äôs Magnificent Double Podium | 2024 Sao Paulo Grand Prix | Lenovo,"Relive all the crucial moments that led to Esteban Ocon and Pierre Gasly claiming second and third in Brazil, a phenomenal result which saw Alpine jump three positions in the constructors‚Äô championship.

For more F1¬Æ videos, visit https://www.Formula1.com

Follow F1¬Æ:
https://www.instagram.com/F1
https://www.facebook.com/Formula1/
https://www.twitter.com/F1
https://www.twitch.tv/formula1
https://www.tiktok.com/@f1

#F1",2024-11-17T16:00:26Z,UCB_qr75-ydFVKSF9Dmo6izg,FORMULA 1,F1|Formula One|Formula 1|Sports|Sport|Action|GP|Grand Prix|Auto Racing|Motor Racing|alpine|ocon|gasly,17,PT17M47S,458922,11735,440,0,https://i.ytimg.com/vi/bhhmw_Fxjp0/hqdefault.jpg
xYTrX3Fy7Xc,EVERY Episode Of Never Have I Ever With Our F1 Drivers!,"Sit back and enjoy our bumper edition of Never Have I Ever with the F1 drivers! Relive all four of our episodes from the last two seasons as we truly got to know the grid. 

For more F1¬Æ videos, visit https://www.Formula1.com

Follow F1¬Æ:
https://www.instagram.com/F1
https://www.facebook.com/Formula1/
https://www.twitter.com/F1
https://www.twitch.tv/formula1
https://www.tiktok.com/@f1

#F1",2024-11-10T15:01:06Z,UCB_qr75-ydFVKSF9Dmo6izg,FORMULA 1,F1|Formula One|Formula 1|Sports|Sport|Action|GP|Grand Prix|Auto Racing|Motor Racing|never have i ever,17,PT35M52S,727918,16781,353,0,https://i.ytimg.com/vi/xYTrX3Fy7Xc/hqdefault.jpg
1MfKFLGJ7xo,Drivers React After Qualifying | 2024 Sao Paulo Grand Prix,"For more F1¬Æ videos, visit https://www.Formula1.com

Follow F1¬Æ:
https://www.instagram.com/F1
https://www.facebook.com/Formula1/
https://www.twitter.com/F1
https://www.twitch.tv/formula1
https://www.tiktok.com/@f1

#F1",2024-11-03T14:17:00Z,UCB_qr75-ydFVKSF9Dmo6izg,FORMULA 1,F1|Formula One|Formula 1|Sports|Sport|Action|GP|Grand Prix|Auto Racing|Motor Racing,17,PT9M15S,366768,7331,912,0,https://i.ytimg.com/vi/1MfKFLGJ7xo/hqdefault.jpg
sVUhtqwOAZA,Sprint Qualifying Highlights | 2024 Sao Paulo Grand Prix,"A Sprint Qualifying full of shocks and surprises! Catch up with all the action as the drivers set the grid for Saturday‚Äôs Sao Paulo Sprint.

For more F1¬Æ videos, visit https://www.Formula1.com

Follow F1¬Æ:
https://www.instagram.com/F1
https://www.facebook.com/Formula1/
https://www.twitter.com/F1
https://www.twitch.tv/formula1
https://www.tiktok.com/@f1

#F1 #BrazilGP",2024-11-01T19:53:27Z,UCB_qr75-ydFVKSF9Dmo6izg,FORMULA 1,F1|Formula One|Formula 1|Sports|Sport|Action|GP|Grand Prix|Auto Racing|Motor Racing,17,PT6M2S,3279199,61312,2209,0,https://i.ytimg.com/vi/sVUhtqwOAZA/hqdefault.jpg
InWkzarOr5I,Best Team Radio | 2024 Mexico City Grand Prix | Paramount +,"Relive all the drama from the airwaves in Mexico including Carlos Sainz‚Äôs magnificent winning moment, Max Verstappen and Lando Norris‚Äô tense battle and so many more huge talking points from the weekend!

For more F1¬Æ videos, visit https://www.Formula1.com

Follow F1¬Æ:
https://www.instagram.com/F1
https://www.facebook.com/Formula1/
https://www.twitter.com/F1
https://www.twitch.tv/formula1
https://www.tiktok.com/@f1

#F1 #MexicoGP",2024-10-28T23:45:02Z,UCB_qr75-ydFVKSF9Dmo6izg,FORMULA 1,F1|Formula One|Formula 1|Sports|Sport|Action|GP|Grand Prix|Auto Racing|Motor Racing|mexico city grand prix|mexico,17,PT10M4S,503650,10933,525,0,https://i.ytimg.com/vi/InWkzarOr5I/hqdefault.jpg
-vGbfhrfOL0,Out Before The First Corner üòî,"There was drama from the outset of the Mexico City Grand Prix as Alex Albon and Yuki Tsunoda crashed out on lap one. 

For more F1¬Æ videos, visit https://www.Formula1.com

Follow F1¬Æ:
https://www.instagram.com/F1
https://www.facebook.com/Formula1/
https://www.twitter.com/F1
https://www.twitch.tv/formula1
https://www.tiktok.com/@f1

#F1 #MexicoGP",2024-10-28T16:30:00Z,UCB_qr75-ydFVKSF9Dmo6izg,FORMULA 1,F1|Formula One|Formula 1|Sports|Sport|Action|GP|Grand Prix|Auto Racing|Motor Racing|yuki tsunoda|alex albon|mexico city|mexico grand prix,17,PT51S,152793,8843,36,0,https://i.ytimg.com/vi/-vGbfhrfOL0/hqdefault.jpg
Eyp0mRavK8Q,LIVE: Mexico City Grand Prix Post-Race Show,"Watch the live Post-Race Show for the 2024 Mexico City Grand Prix.

For more F1¬Æ videos, visit http://www.Formula1.com 
Follow F1¬Æ: http://www.instagram.com/F1 
https://www.facebook.com/Formula1 
http://www.twitter.com/F1 
https://www.twitch.tv/formula1 
https://www.tiktok.com/@f1 

#F1 #MexicoGP",2024-10-27T22:51:19Z,UCB_qr75-ydFVKSF9Dmo6izg,FORMULA 1,Formula One|Formula 1|Sports|Sport|Action|GP|Grand Prix|Auto Racing|Motor Racing|Singapore grand prix|mexico city,17,PT40M21S,342495,5691,407,0,https://i.ytimg.com/vi/Eyp0mRavK8Q/hqdefault.jpg
t_kWOKjXHQA,Qualifying Highlights | Mexico City Grand Prix,"The drivers took to the track for a dramatic qualifying session, featuring a red flag in Q2 and two shock exits in Q1!

For more F1¬Æ videos, visit https://www.Formula1.com

Follow F1¬Æ:
https://www.instagram.com/F1
https://www.facebook.com/Formula1/
https://www.twitter.com/F1
https://www.twitch.tv/formula1
https://www.tiktok.com/@f1

#F1 #MexicoGP",2024-10-26T22:33:35Z,UCB_qr75-ydFVKSF9Dmo6izg,FORMULA 1,F1|Formula One|Formula 1|Sports|Sport|Action|GP|Grand Prix|Auto Racing|Motor Racing|Mexico City Grand Prix|Mexico City|Carlos Sainz,17,PT7M,3769127,78197,2796,0,https://i.ytimg.com/vi/t_kWOKjXHQA/hqdefault.jpg
n9lYYNKb7e0,The Fastest Place on the F1 Calendar üòÆ‚Äçüí®,"Nowhere on the calendar sees F1 cars travel as quickly as the main straight in Mexico, thanks to a combination of a one-kilometre straight, and the high altitude which reduces aerodynamic drag!

For more F1¬Æ videos, visit https://www.Formula1.com

Follow F1¬Æ:
https://www.instagram.com/F1
https://www.facebook.com/Formula1/
https://www.twitter.com/F1
https://www.twitch.tv/formula1
https://www.tiktok.com/@f1

#F1 #MexicoGP",2024-10-26T16:47:43Z,UCB_qr75-ydFVKSF9Dmo6izg,FORMULA 1,,17,PT49S,179837,12503,165,0,https://i.ytimg.com/vi/n9lYYNKb7e0/hqdefault.jpg
xzI11ehbypk,Charles' Birthday Wish Came True! ü•≥,"Charles Leclerc's birthday wish was a win at the United States Grand Prix, and that's exactly what he got!

For more F1¬Æ videos, visit https://www.Formula1.com

Follow F1¬Æ:
https://www.instagram.com/F1
https://www.facebook.com/Formula1/
https://www.twitter.com/F1
https://www.twitch.tv/formula1
https://www.tiktok.com/@f1

#F1 #USGP",2024-10-21T00:00:26Z,UCB_qr75-ydFVKSF9Dmo6izg,FORMULA 1,,17,PT35S,185215,14065,135,0,https://i.ytimg.com/vi/xzI11ehbypk/hqdefault.jpg
SgS1UAcClkk,Tom Stallard: Piastri‚Äôs Olympic Silver-Medallist Race Engineer | F1 Beyond The Grid Podcast,"Tom Stallard, Oscar Piastri‚Äôs race engineer and McLaren‚Äôs Director of Human Performance, is a man of many talents.

As a professional rower, he won an Olympic silver medal and became World Champion. As an engineer in Formula 1, he‚Äôs won races with some of the sport‚Äôs most talented drivers and played a huge part in McLaren‚Äôs transformation into title contenders.

So why did Tom make such a big career change and how does working in F1 compare to rowing?

Speaking to Tom Clarkson at McLaren‚Äôs headquarters, Stallard talks about his gruelling fitness regime as an Olympic rower, what a race engineer‚Äôs relationship with their driver is all about, working with the likes of Jenson Button, Daniel Ricciardo and Carlos Sainz, how Oscar Piastri is galvanising the team now, and much more.

07:28 ‚Äì Will McLaren prioritise ‚Äô25 or ‚Äô26?
14:23 ‚Äì Was Stallard fitter than Piastri?
23:23 ‚Äì Why he swapped rowing for F1
43:15 ‚Äì Is Oscar a future World Champion?
51:38 ‚Äì What Williams can expect from Sainz

For more F1¬Æ videos, visit https://www.Formula1.com

Follow F1¬Æ:
https://www.instagram.com/F1
https://www.facebook.com/Formula1/
https://www.twitter.com/F1
https://www.twitch.tv/formula1
https://www.tiktok.com/@f1

#F1",2024-10-16T12:00:15Z,UCB_qr75-ydFVKSF9Dmo6izg,FORMULA 1,F1|Formula One|Formula 1|Sports|Sport|Action|GP|Grand Prix|Auto Racing|Motor Racing,17,PT1H3M22S,39362,912,32,0,https://i.ytimg.com/vi/SgS1UAcClkk/hqdefault.jpg
8CLkOr5P_ZA,Rosberg And Hamilton's Epic Title Decider! | 2015 United States Grand Prix | Extended Highlights,"Re-live a classic title decider in Austin, as high-pressure weather - and on track action - made it one to remember. Rivals Nico Rosberg and Lewis Hamilton started on the front row, with the Red Bulls of Daniel Ricciardo and Daniil Kvyat hounding them all afternoon.

For more F1¬Æ videos, visit https://www.Formula1.com

Follow F1¬Æ:
https://www.instagram.com/F1
https://www.facebook.com/Formula1/
https://www.twitter.com/F1
https://www.twitch.tv/formula1
https://www.tiktok.com/@f1

#F1¬†#USGP",2024-10-14T14:00:08Z,UCB_qr75-ydFVKSF9Dmo6izg,FORMULA 1,F1|Formula One|Formula 1|Sports|Sport|Action|GP|Grand Prix|Auto Racing|Motor Racing,17,PT20M16S,1340641,18592,895,0,https://i.ytimg.com/vi/8CLkOr5P_ZA/hqdefault.jpg
7HML18ccJkM,A Problem For Race Winners Only üòÖ,"Oscar Piastri‚Äôs back hurt from carrying the cooldown room chat in Baku.

For more F1¬Æ videos, visit https://www.Formula1.com

Follow F1¬Æ:
https://www.instagram.com/F1
https://www.facebook.com/Formula1/
https://www.twitter.com/F1
https://www.twitch.tv/formula1
https://www.tiktok.com/@f1

#F1 AzerbaijanGP",2024-09-17T16:02:39Z,UCB_qr75-ydFVKSF9Dmo6izg,FORMULA 1,F1|Formula One|Formula 1|Sports|Sport|Action|GP|Grand Prix|Auto Racing|Motor Racing,17,PT13S,217867,11733,62,0,https://i.ytimg.com/vi/7HML18ccJkM/hqdefault.jpg
mBEEFcio_zs,Sainz & Perez Clash In Baku | Jolyon Palmer's Breakdown,"F1 TV analyst Jolyon Palmer breaks down the contact between Carlos Sainz and Sergio Perez which ultimately saw both drivers go from podium contention to a bitter early race ending.

For more F1¬Æ videos, visit https://www.Formula1.com

Follow F1¬Æ:
https://www.instagram.com/F1
https://www.facebook.com/Formula1/
https://www.twitter.com/F1
https://www.twitch.tv/formula1
https://www.tiktok.com/@f1

#F1 #AzerbaijanGP",2024-09-15T19:39:47Z,UCB_qr75-ydFVKSF9Dmo6izg,FORMULA 1,F1|Formula One|Formula 1|Sports|Sport|Action|GP|Grand Prix|Auto Racing|Motor Racing|f1 crash|jolyon palmer|palmer's analysis|f1 tv|f1tv|azerbaijan grand prix|baku|carlos sainz|sergio perez,17,PT2M19S,922399,16985,2754,0,https://i.ytimg.com/vi/mBEEFcio_zs/hqdefault.jpg
pxcqTMgYq3k,Alex Albon's Crucial Q3 Mistake üò≥,"Have you ever seen anything like this in Formula 1? Alex Albon leaves the pits with his airbox fan still attached.

For more F1¬Æ videos, visit https://www.Formula1.com

Follow F1¬Æ:
https://www.instagram.com/F1
https://www.facebook.com/Formula1/
https://www.twitter.com/F1
https://www.twitch.tv/formula1
https://www.tiktok.com/@f1

#F1 #AzerbaijanGP",2024-09-14T17:00:38Z,UCB_qr75-ydFVKSF9Dmo6izg,FORMULA 1,F1|Formula One|Formula 1|Sports|Sport|Action|GP|Grand Prix|Auto Racing|Motor Racing|alex albon|azerbaijan|f1 fail|baku|azerbaijan grand prix,17,PT37S,296484,14132,211,0,https://i.ytimg.com/vi/pxcqTMgYq3k/hqdefault.jpg
XJLzhPCVNaE,Charles Leclerc‚Äôs Pole Lap | 2024 Azerbaijan Grand Prix | Pirelli,"Ride on board with Charles Leclerc as he extends his lead at the top of the timing tower in Q3, clinching a fourth consecutive pole position in Baku.

For more F1¬Æ videos, visit https://www.Formula1.com

Follow F1¬Æ:
https://www.instagram.com/F1
https://www.facebook.com/Formula1/
https://www.twitter.com/F1
https://www.twitch.tv/formula1
https://www.tiktok.com/@f1

#F1 #AzerbaijanGP",2024-09-14T15:43:55Z,UCB_qr75-ydFVKSF9Dmo6izg,FORMULA 1,F1|Formula One|Formula 1|Sports|Sport|Action|GP|Grand Prix|Auto Racing|Motor Racing|charles leclerc|baku|azerbaijan grand prix|pirelli,17,PT2M13S,470392,16142,563,0,https://i.ytimg.com/vi/XJLzhPCVNaE/hqdefault.jpg
W2hTz0P4TNs,Charles Leclerc‚Äôs Monza Win (Leo‚Äôs Version) üê∂,"Join the main character of Monza, Leo Leclerc Saint Mleux, for a day out as Dad Charles wins the Italian Grand Prix.

For more F1¬Æ videos, visit https://www.Formula1.com

Follow F1¬Æ:
https://www.instagram.com/F1
https://www.facebook.com/Formula1/
https://www.twitter.com/F1
https://www.twitch.tv/formula1
https://www.tiktok.com/@f1

#F1 #ItalianGP",2024-09-02T16:29:43Z,UCB_qr75-ydFVKSF9Dmo6izg,FORMULA 1,F1|Formula One|Formula 1|Sports|Sport|Action|GP|Grand Prix|Auto Racing|Motor Racing,17,PT35S,3265515,167362,452,0,https://i.ytimg.com/vi/W2hTz0P4TNs/hqdefault.jpg
K0MuAdywnZ4,The Thrilling Final Laps Of The 2024 F3 Season!,"The title fight plays out on track as championship leader Leonardo Fornaroli and Alpine Academy driver Gabriele Mini push to the very end in pursuit of FIA Formula 3 championship glory. Only one can be crowned champion.

For more F1¬Æ videos, visit https://www.Formula1.com

Follow F1¬Æ:
https://www.instagram.com/F1
https://www.facebook.com/Formula1/
https://www.twitter.com/F1
https://www.twitch.tv/formula1
https://www.tiktok.com/@f1

#F3 #RoadToF1",2024-09-01T12:11:29Z,UCB_qr75-ydFVKSF9Dmo6izg,FORMULA 1,F1|Formula One|Formula 1|Sports|Sport|Action|GP|Grand Prix|Auto Racing|Motor Racing,17,PT5M43S,132915,3647,145,0,https://i.ytimg.com/vi/K0MuAdywnZ4/hqdefault.jpg
REZe3BpOv1o,F2 Sprint Race Highlights | 2024 Italian Grand Prix,"A proper scrap around the Temple of Speed! Watch the best bits from the FIA Formula 2 Sprint Race at Monza‚Ä¶

For more F1¬Æ videos, visit https://www.Formula1.com

Follow F1¬Æ:
https://www.instagram.com/F1
https://www.facebook.com/Formula1/
https://www.twitter.com/F1
https://www.twitch.tv/formula1
https://www.tiktok.com/@f1

#F2 #RoadToF1",2024-08-31T19:15:00Z,UCB_qr75-ydFVKSF9Dmo6izg,FORMULA 1,F1|Formula One|Formula 1|Sports|Sport|Action|GP|Grand Prix|Auto Racing|Motor Racing,17,PT8M3S,408048,9202,303,0,https://i.ytimg.com/vi/REZe3BpOv1o/hqdefault.jpg
8CcvbiZZrbc,FIRST LOOK: Formula 3's New 2025 Car! | Varano Shakedown,"A glimpse into the future of the FIA Formula 3 Championship! Watch as the all-new F3 2025 car takes to the track for the very first time at the Varano circuit.

For more F1¬Æ videos, visit https://www.Formula1.com

Follow F1¬Æ:
https://www.instagram.com/F1
https://www.facebook.com/Formula1/
https://www.twitter.com/F1
https://www.twitch.tv/formula1
https://www.tiktok.com/@f1

#F3 #RoadToF1",2024-08-31T09:40:07Z,UCB_qr75-ydFVKSF9Dmo6izg,FORMULA 1,F1|Formula One|Formula 1|Sports|Sport|Action|GP|Grand Prix|Auto Racing|Motor Racing|GP3|F3|Formula 3,17,PT4M54S,134399,4501,224,0,https://i.ytimg.com/vi/8CcvbiZZrbc/hqdefault.jpg
2bs2trItgyI,Who Is Lewis Hamilton's Replacement Kimi Antonelli? | Mercedes' 2025 F1 Driver,"Mercedes have announced 18 year old Kimi Antonelli will replace Lewis Hamilton at the team in 2025 following Hamilton's announcement that he will join Ferrari for next season. Kimi has won numerous championships on his road to F1 and will have his sight set on success in Formula 1!

For more F1¬Æ videos, visit https://www.Formula1.com

Follow F1¬Æ:
https://www.instagram.com/F1
https://www.facebook.com/Formula1/
https://www.twitter.com/F1
https://www.twitch.tv/formula1
https://www.tiktok.com/@f1

#F1",2024-08-31T07:20:11Z,UCB_qr75-ydFVKSF9Dmo6izg,FORMULA 1,F1|Formula One|Formula 1|Sports|Sport|Action|GP|Grand Prix|Auto Racing|Motor Racing|Kimi Antonelli|Lewis Hamilton|Kimi Antonelli Mercedes|Mercedes Kimi Antonelli|Antonelli|Kimi|Andrea|Italy|Italian Grand Prix,17,PT1M54S,128388,3155,311,0,https://i.ytimg.com/vi/2bs2trItgyI/hqdefault.jpg
h9D4AHio7FU,Logan Sargeant's Scary FP3 Crash üòü,"Logan Sargeant was fortunately okay after this nasty meeting with the barrier, bringing out the red flag in FP3.

For more F1¬Æ videos, visit https://www.Formula1.com

Follow F1¬Æ:
https://www.instagram.com/F1
https://www.facebook.com/Formula1/
https://www.twitter.com/F1
https://www.twitch.tv/formula1
https://www.tiktok.com/@f1

#F1",2024-08-24T12:13:44Z,UCB_qr75-ydFVKSF9Dmo6izg,FORMULA 1,F1|Formula One|Formula 1|Sports|Sport|Action|GP|Grand Prix|Auto Racing|Motor Racing|f1 crash|dutch grand prix|Logan Sargeant,17,PT1M,386777,18424,430,0,https://i.ytimg.com/vi/h9D4AHio7FU/hqdefault.jpg
KvluRV4muOo,Wet And Wild Weather In Zandvoort! | The Paddock Reacts To The 2023 Dutch Grand Prix,"Wild weather and big strategy calls - join race winner Max Verstappen, and Team Principals Christian Horner and James Vowles, as they recall the key moments from a very wet trip to Zandvoort in 2023.

For more F1¬Æ videos, visit https://www.Formula1.com

Follow F1¬Æ:
https://www.instagram.com/F1
https://www.facebook.com/Formula1/
https://www.twitter.com/F1
https://www.twitch.tv/formula1
https://www.tiktok.com/@f1

#F1",2024-08-22T09:30:06Z,UCB_qr75-ydFVKSF9Dmo6izg,FORMULA 1,F1|Formula One|Formula 1|Sports|Sport|Action|GP|Grand Prix|Auto Racing|Motor Racing|dutch grand prix|dutch gp|zandvoort|red bull racing|max verstappen|christian horner|james vowles,17,PT5M55S,80637,3068,94,0,https://i.ytimg.com/vi/KvluRV4muOo/hqdefault.jpg
lNVnOBM8Pnk,Extended Highlights | 2023 Dutch Grand Prix,"Rain, chaos and confusion reigned supreme at Zandvoort in 2023! Flash back one year as we re-live the exhilarating Dutch Grand Prix, where home hero Max Verstappen started on pole.

For more F1¬Æ videos, visit https://www.Formula1.com

Follow F1¬Æ:
https://www.instagram.com/F1
https://www.facebook.com/Formula1/
https://www.twitter.com/F1
https://www.twitch.tv/formula1
https://www.tiktok.com/@f1

#F1 #DutchGP",2024-08-20T13:28:59Z,UCB_qr75-ydFVKSF9Dmo6izg,FORMULA 1,F1|Formula One|Formula 1|Sports|Sport|Action|GP|Grand Prix|Auto Racing|Motor Racing,17,PT20M24S,1714535,19455,562,0,https://i.ytimg.com/vi/lNVnOBM8Pnk/hqdefault.jpg
0OdhZ4IFuWI,This is ‚ú® Russellcore ‚ú®,"George Russell has given us plenty of giggles over the last few years with his very precise brand of team radio messages!

For more F1¬Æ videos, visit https://www.Formula1.com

Follow F1¬Æ:
https://www.instagram.com/F1
https://www.facebook.com/Formula1/
https://www.twitter.com/F1
https://www.twitch.tv/formula1
https://www.tiktok.com/@f1

#F1",2024-08-15T13:00:02Z,UCB_qr75-ydFVKSF9Dmo6izg,FORMULA 1,,17,PT47S,259878,19452,158,0,https://i.ytimg.com/vi/0OdhZ4IFuWI/hqdefault.jpg
xFxsQ_qYjZw,Magnussen & Albon's Tense Multi-Lap Duel In Melbourne | Extended Battles,"Relive this tense battle between Kevin Magnussen and Alex Albon in Australia, featuring some huge overtake attempts and near-misses. Albon was desperately defending points as Williams' only driver in the race, but that didn't deter Magnussen from engaging at almost every corner.

For more F1¬Æ videos, visit https://www.Formula1.com

Follow F1¬Æ:
https://www.instagram.com/F1
https://www.facebook.com/Formula1/
https://www.twitter.com/F1
https://www.twitch.tv/formula1
https://www.tiktok.com/@f1

#F1",2024-08-13T16:50:41Z,UCB_qr75-ydFVKSF9Dmo6izg,FORMULA 1,F1|Formula One|Formula 1|Sports|Sport|Action|GP|Grand Prix|Auto Racing|Motor Racing,17,PT8M1S,83635,3040,161,0,https://i.ytimg.com/vi/xFxsQ_qYjZw/hqdefault.jpg
pQaG0ay957M,Race Highlights | 2024 Belgian Grand Prix,"Catch up on all the key moments from the Belgian Grand Prix; a race filled with big strategy calls and a thrilling late-race chase. Read the full story about George Russell's disqualification üëâ
https://f1.com/Belgium_Russell_Disqualified

For more F1¬Æ videos, visit https://www.Formula1.com

Follow F1¬Æ:
https://www.instagram.com/F1
https://www.facebook.com/Formula1/
https://www.twitter.com/F1
https://www.twitch.tv/formula1
https://www.tiktok.com/@f1

#F1 #BelgianGP",2024-07-28T15:48:59Z,UCB_qr75-ydFVKSF9Dmo6izg,FORMULA 1,F1|Formula One|Formula 1|Sports|Sport|Action|GP|Grand Prix|Auto Racing|Motor Racing,17,PT8M9S,7505519,137281,6328,0,https://i.ytimg.com/vi/pQaG0ay957M/hqdefault.jpg
rVrfgVMIrdQ,F3 Sprint Race Highlights | 2024 Belgian Grand Prix,"The thrills and spills from FIA Formula 3's Spa Sprint!

For more F1¬Æ videos, visit https://www.Formula1.com

Follow F1¬Æ:
https://www.instagram.com/F1
https://www.facebook.com/Formula1/
https://www.twitter.com/F1
https://www.twitch.tv/formula1
https://www.tiktok.com/@f1

#F3 #RoadToF1",2024-07-27T12:08:50Z,UCB_qr75-ydFVKSF9Dmo6izg,FORMULA 1,F1|Formula One|Formula 1|Sports|Sport|Action|GP|Grand Prix|Auto Racing|Motor Racing,17,PT6M49S,175688,4220,132,0,https://i.ytimg.com/vi/rVrfgVMIrdQ/hqdefault.jpg
kAZ7vop0F2M,Piastri‚Äôs Unbelievable First F1 Win And The Best Team Radio | 2024 Hungarian Grand Prix | Paramount+,"Relive the very best bits from the airwaves during a memorable weekend in Hungary. Controversial clashes both on-track and on the radio, Oscar Piastri's first Formula 1 win and an emotional 200th podium for Lewis Hamilton.

For more F1¬Æ videos, visit https://www.Formula1.com

Follow F1¬Æ:
https://www.instagram.com/F1
https://www.facebook.com/Formula1/
https://www.twitter.com/F1
https://www.twitch.tv/formula1
https://www.tiktok.com/@f1

#F1 #HungarianGP",2024-07-22T16:00:42Z,UCB_qr75-ydFVKSF9Dmo6izg,FORMULA 1,F1|Formula One|Formula 1|Sports|Sport|Action|GP|Grand Prix|Auto Racing|Motor Racing|hungary|hungarian grand prix|oscar piastri|lewis hamilton|lando norris,17,PT10M26S,758150,17456,1360,0,https://i.ytimg.com/vi/kAZ7vop0F2M/hqdefault.jpg
jUphBQWJcM0,Oscar Piastri Was Born To Win,"Oscar Piastri has won in every single category he's raced in. A rising star of karting, he won races and titles there, before moving up to Formula Renault, Formula 4, F3, F2 and now of course, F1. After 35 Grand Prix starts, the Aussie - who grew up just a stone's throw from Albert Park in Melbourne, joins the elite as Formula 1's latest winner.

For more F1¬Æ videos, visit https://www.Formula1.com

Follow F1¬Æ:
https://www.instagram.com/F1
https://www.facebook.com/Formula1/
https://www.twitter.com/F1
https://www.twitch.tv/formula1
https://www.tiktok.com/@f1

#F1 #HungarianGP",2024-07-21T18:15:02Z,UCB_qr75-ydFVKSF9Dmo6izg,FORMULA 1,F1|Formula One|Formula 1|Sports|Sport|Action|GP|Grand Prix|Auto Racing|Motor Racing,17,PT5M43S,189643,8972,784,0,https://i.ytimg.com/vi/jUphBQWJcM0/hqdefault.jpg
fC_y8DWyCk0,LIVE: Hungarian Grand Prix Post-Race Show,"Watch the Post-Race Show for the 2024 Hungarian Grand Prix.

For more F1¬Æ videos, visit http://www.Formula1.com 
Follow F1¬Æ: http://www.instagram.com/F1 
https://www.facebook.com/Formula1 
http://www.twitter.com/F1 
https://www.twitch.tv/formula1 
https://www.tiktok.com/@f1 

#F1 #HungarianGP",2024-07-21T15:49:33Z,UCB_qr75-ydFVKSF9Dmo6izg,FORMULA 1,Formula One|Formula 1|Sports|Sport|Action|GP|Grand Prix|Auto Racing|Motor Racing|hungary|hungarian grand prix|hungary grand prix,17,PT39M1S,544991,7969,829,0,https://i.ytimg.com/vi/fC_y8DWyCk0/hqdefault.jpg
hzlqtID692Y,INSIDE STORY: How Lewis Hamilton Won His First Race Since 2021 | 2024 British Grand Prix | Lenovo,"An all-Mercedes front row, rain on the horizon, and FIVE cars in the hunt for victory. Silverstone 2024 was an instant classic, join us as we peel back the layers of how Lewis Hamilton scored an emotional ninth win on home soil!

For more F1¬Æ videos, visit https://www.Formula1.com

Follow F1¬Æ:
https://www.instagram.com/F1
https://www.facebook.com/Formula1/
https://www.twitter.com/F1
https://www.twitch.tv/formula1
https://www.tiktok.com/@f1

#F1 #BritishGP",2024-07-17T15:00:48Z,UCB_qr75-ydFVKSF9Dmo6izg,FORMULA 1,F1|Formula One|Formula 1|Sports|Sport|Action|GP|Grand Prix|Auto Racing|Motor Racing|2024 British Grand Prix|British Grand Prix|Great Britain|Silverstone|lewis hamilton,17,PT20M51S,2654095,43603,1408,0,https://i.ytimg.com/vi/hzlqtID692Y/hqdefault.jpg
uZ37Q33Qw1I,How McLaren Lost A Potential 1-2 Finish At Silverstone | Jolyon Palmer‚Äôs F1 TV Analysis | Workday,"In this segment, Jolyon Palmer has an in-depth look at McLaren's mistakes from Silverstone after Lando Norris and Oscar Piastri lost out on a strong one-two position at the 2024 British Grand Prix. 

For more F1¬Æ videos, visit https://www.Formula1.com

Follow F1¬Æ:
https://www.instagram.com/F1
https://www.facebook.com/Formula1/
https://www.twitter.com/F1
https://www.twitch.tv/formula1
https://www.tiktok.com/@f1

#F1 #BritishGP",2024-07-09T18:00:34Z,UCB_qr75-ydFVKSF9Dmo6izg,FORMULA 1,F1|Formula One|Formula 1|Sports|Sport|Action|GP|Grand Prix|Auto Racing|Motor Racing,17,PT14M44S,221705,5385,650,0,https://i.ytimg.com/vi/uZ37Q33Qw1I/hqdefault.jpg
06XagbM8J6I,George Russell's Pole Lap | 2024 British Grand Prix | Pirelli,"Jump onboard with George Russell around his home circuit at Silverstone, as he takes his 2nd career pole of the season! 

For more F1¬Æ videos, visit https://www.Formula1.com

Follow F1¬Æ:
https://www.instagram.com/F1
https://www.facebook.com/Formula1/
https://www.twitter.com/F1
https://www.twitch.tv/formula1
https://www.tiktok.com/@f1

#F1 #BritishGP",2024-07-06T16:47:50Z,UCB_qr75-ydFVKSF9Dmo6izg,FORMULA 1,F1|Formula One|Formula 1|Sports|Sport|Action|GP|Grand Prix|Auto Racing|Motor Racing,17,PT1M59S,255651,7519,277,0,https://i.ytimg.com/vi/06XagbM8J6I/hqdefault.jpg
eyoKYeWhFC0,CARLANDO MENTIONED üó£Ô∏è üî•,"Carlos Sainz was overjoyed to learn he was sharing the track with just his old team mate and good friend Lando Norris during second practice at Silverstone!
For more F1¬Æ videos, visit https://www.Formula1.com

Follow F1¬Æ:
https://www.instagram.com/F1
https://www.facebook.com/Formula1/
https://www.twitter.com/F1
https://www.twitch.tv/formula1
https://www.tiktok.com/@f1

#F1 #Formula1 #BritishGP",2024-07-05T16:45:02Z,UCB_qr75-ydFVKSF9Dmo6izg,FORMULA 1,F1|Formula One|Formula 1|Sports|Sport|Action|GP|Grand Prix|Auto Racing|Motor Racing,17,PT12S,351818,24742,88,0,https://i.ytimg.com/vi/eyoKYeWhFC0/hqdefault.jpg
Djd9TXHkuPg,Verstappen and Norris Crash in Austria üò±üí•,"Max Verstappen and Lando Norris engage in an intense battle that sees both drivers lose out on P1 and P2. 

For more F1¬Æ videos, visit https://www.Formula1.com

Follow F1¬Æ:
https://www.instagram.com/F1
https://www.facebook.com/Formula1/
https://www.twitter.com/F1
https://www.twitch.tv/formula1
https://www.tiktok.com/@f1

#F1 #AustrianGP",2024-06-30T20:03:00Z,UCB_qr75-ydFVKSF9Dmo6izg,FORMULA 1,F1|Formula One|Formula 1|Sports|Sport|Action|GP|Grand Prix|Auto Racing|Motor Racing,17,PT51S,397545,16732,428,0,https://i.ytimg.com/vi/Djd9TXHkuPg/hqdefault.jpg
lDSr4pHZnh8,F3 Feature Race Highlights | 2024 Austrian Grand Prix,"Luke Browning starts on pole for the FIA Formula 3 Feature Race in Austria. Can the Williams Racing junior secure his second win of the season?

For more F1¬Æ videos, visit https://www.Formula1.com

Follow F1¬Æ:
https://www.instagram.com/F1
https://www.facebook.com/Formula1/
https://www.twitter.com/F1
https://www.twitch.tv/formula1
https://www.tiktok.com/@f1

#F3 #RoadToF1",2024-06-30T10:09:33Z,UCB_qr75-ydFVKSF9Dmo6izg,FORMULA 1,F1|Formula One|Formula 1|Sports|Sport|Action|GP|Grand Prix|Auto Racing|Motor Racing,17,PT7M13S,110051,3020,93,0,https://i.ytimg.com/vi/lDSr4pHZnh8/hqdefault.jpg
CUyRW6aeTdI,Drivers React After Sprint Qualifying | 2024 Austrian Grand Prix,"Catch up on all the reactions from across the grid after a mixed Practice session and Sprint Qualifying 

For more F1¬Æ videos, visit https://www.Formula1.com

Follow F1¬Æ:
https://www.instagram.com/F1
https://www.facebook.com/Formula1/
https://www.twitter.com/F1
https://www.twitch.tv/formula1
https://www.tiktok.com/@f1

#F1 #Formula1 #AustrianGP",2024-06-28T18:15:52Z,UCB_qr75-ydFVKSF9Dmo6izg,FORMULA 1,F1|Formula One|Formula 1|Sports|Sport|Action|GP|Grand Prix|Auto Racing|Motor Racing,17,PT9M1S,382341,8954,878,0,https://i.ytimg.com/vi/CUyRW6aeTdI/hqdefault.jpg
eVrVoEeMSeg,When Team Mates Crash on the Final Lap ü§Ø,"Mercedes pair Nico Rosberg and Lewis Hamilton endured a tense, season-long fight for the title, making contact on several occasions. One such time occurred in Austria, as they fought for the lead on the very last lap of the race...

For more F1¬Æ videos, visit https://www.Formula1.com

Follow F1¬Æ:
https://www.instagram.com/F1
https://www.facebook.com/Formula1/
https://www.twitter.com/F1
https://www.twitch.tv/formula1
https://www.tiktok.com/@f1

#F1 #AustrianGP",2024-06-27T13:40:42Z,UCB_qr75-ydFVKSF9Dmo6izg,FORMULA 1,,17,PT1M,1037018,52782,673,0,https://i.ytimg.com/vi/eVrVoEeMSeg/hqdefault.jpg
m8eD9nfNE8w,What Time Did Everyone Get To The Paddock? üëÄ,"We checked what time that all the drivers arrived at the paddock at the Spanish Grand Prix - have any of the drivers surprised you?

For more F1¬Æ videos, visit https://www.Formula1.com

Follow F1¬Æ:
https://www.instagram.com/F1
https://www.facebook.com/Formula1/
https://www.twitter.com/F1
https://www.twitch.tv/formula1
https://www.tiktok.com/@f1

#F1 #SpanishGP",2024-06-22T18:00:24Z,UCB_qr75-ydFVKSF9Dmo6izg,FORMULA 1,F1|Formula One|Formula 1|Sports|Sport|Action|GP|Grand Prix|Auto Racing|Motor Racing,17,PT50S,1158680,50912,273,0,https://i.ytimg.com/vi/m8eD9nfNE8w/hqdefault.jpg
s8dH64RvCj4,A Second Career Pole For Lando! üëè,"Lando Norris secured the second pole position of his Formula 1 career after coming out on top in an incredible battle with Max Verstappen at the Spanish Grand Prix.

For more F1¬Æ videos, visit https://www.Formula1.com

Follow F1¬Æ:
https://www.instagram.com/F1
https://www.facebook.com/Formula1/
https://www.twitter.com/F1
https://www.twitch.tv/formula1
https://www.tiktok.com/@f1

#F1 #SpanishGP",2024-06-22T16:34:18Z,UCB_qr75-ydFVKSF9Dmo6izg,FORMULA 1,,17,PT44S,77425,6079,54,0,https://i.ytimg.com/vi/s8dH64RvCj4/hqdefault.jpg
jr7A6r9Vob4,Max Verstappen‚Äôs Record-Setting Red Bull Debut üèÜ,"Max Verstappen made history by winning the Spanish Grand Prix in 2016, becoming the only teenager to ever win a race in Formula 1 - doing so on his Red Bull debut.

For more F1¬Æ videos, visit https://www.Formula1.com

Follow F1¬Æ:
https://www.instagram.com/F1
https://www.facebook.com/Formula1/
https://www.twitter.com/F1
https://www.twitch.tv/formula1
https://www.tiktok.com/@f1

#F1 #SpanishGP",2024-06-19T18:00:31Z,UCB_qr75-ydFVKSF9Dmo6izg,FORMULA 1,,17,PT48S,175931,11596,134,0,https://i.ytimg.com/vi/jr7A6r9Vob4/hqdefault.jpg
UFoZ-13CdYI,Rosberg ALMOST Executes The Perfect Overtake On Verstappen ü§Ø,"Watch this incredible drama unfold as Nico Rosberg overtakes Max Verstappen but spins out at the chicane in Canada. 

For more F1¬Æ videos, visit https://www.Formula1.com

Follow F1¬Æ:
https://www.instagram.com/F1
https://www.facebook.com/Formula1/
https://www.twitter.com/F1
https://www.twitch.tv/formula1
https://www.tiktok.com/@f1

#F1",2024-05-31T16:30:05Z,UCB_qr75-ydFVKSF9Dmo6izg,FORMULA 1,,17,PT51S,1541714,66439,679,0,https://i.ytimg.com/vi/UFoZ-13CdYI/hqdefault.jpg
80ayKwk9Jkg,LIVE: Monaco Grand Prix Post-Race Show,"Join us after the 2024 Monaco Grand Prix race wrap up. 

For more F1¬Æ videos, visit http://www.Formula1.com 
Follow F1¬Æ: http://www.instagram.com/F1 
https://www.facebook.com/Formula1 
http://www.twitter.com/F1 
https://www.twitch.tv/formula1 
https://www.tiktok.com/@f1 

#F1 #MiamiGP",2024-05-26T16:44:58Z,UCB_qr75-ydFVKSF9Dmo6izg,FORMULA 1,F1|Formula One|Formula 1|Sports|Sport|Action|GP|Grand Prix|Auto Racing|Motor Racing|2024 Miami Grand Prix|Miami Grand Prix|Miami|Miami GP|Florida|America|United States,17,PT46M,550501,11322,310,0,https://i.ytimg.com/vi/80ayKwk9Jkg/hqdefault.jpg
kqSyRfQOD5w,Charles Leclerc Takes POLE at Home! üá≤üá® üî•,"Here‚Äôs the moment Charles Leclerc crossed the line to take his 24th career pole position at his home race in Monaco! 

For more F1¬Æ videos, visit https://www.Formula1.com

Follow F1¬Æ:
https://www.instagram.com/F1
https://www.facebook.com/Formula1/
https://www.twitter.com/F1
https://www.twitch.tv/formula1
https://www.tiktok.com/@f1

#F1 #MonacoGP",2024-05-25T16:14:49Z,UCB_qr75-ydFVKSF9Dmo6izg,FORMULA 1,2024 Monaco Grand Prix|Monaco Grand Prix|Monaco|Monaco GP.,17,PT37S,173604,13849,184,0,https://i.ytimg.com/vi/kqSyRfQOD5w/hqdefault.jpg
ICwCrOZ1oKs,F3 Feature Race Highlights | 2024 Emilia Romagna Grand Prix,"30 FIA Formula 3 cars line up for the Feature Race in Imola, with Italian teams Trident and Prema locking out the front three rows!

For more F1¬Æ videos, visit https://www.Formula1.com

Follow F1¬Æ:
https://www.instagram.com/F1
https://www.facebook.com/Formula1/
https://www.twitter.com/F1
https://www.twitch.tv/formula1
https://www.tiktok.com/@f1

#F3 #RoadToF1",2024-05-19T11:15:01Z,UCB_qr75-ydFVKSF9Dmo6izg,FORMULA 1,F1|Formula One|Formula 1|Sports|Sport|Action|GP|Grand Prix|Auto Racing|Motor Racing|sami meguetounif|santiago ramos|leonardo fornaroli|dino beganovic|oliver goethe|gabriele mini|arvid lindblad|luke browning,17,PT6M47S,107424,3045,43,0,https://i.ytimg.com/vi/ICwCrOZ1oKs/hqdefault.jpg
_oOaSXrCQTc,FP2 Highlights | 2024 Emilia Romagna Grand Prix,"Second practice at Imola brought with it a surprise top three, with the Ferrari of Charles Leclerc heading the timing screens ahead of McLaren's Oscar Piastri and RB's Yuki Tsunoda.

For more F1¬Æ videos, visit https://www.Formula1.com

Follow F1¬Æ:
https://www.instagram.com/F1
https://www.facebook.com/Formula1/
https://www.twitter.com/F1
https://www.twitch.tv/formula1
https://www.tiktok.com/@f1

#F1 #ImolaGP",2024-05-17T17:28:54Z,UCB_qr75-ydFVKSF9Dmo6izg,FORMULA 1,F1|Formula One|Formula 1|Sports|Sport|Action|GP|Grand Prix|Auto Racing|Motor Racing,17,PT3M16S,1425855,29834,970,0,https://i.ytimg.com/vi/_oOaSXrCQTc/hqdefault.jpg
-kEzL7rE7dc,Touching Some Grass is not Always a Good Idea üò¨,"George Russell replaced Valtteri Bottas at Mercedes after the 2021 season, but earlier that year the two had a much more hair-raising interaction at Imola!

For more F1¬Æ videos, visit https://www.Formula1.com

Follow F1¬Æ:
https://www.instagram.com/F1
https://www.facebook.com/Formula1/
https://www.twitter.com/F1
https://www.twitch.tv/formula1
https://www.tiktok.com/@f1

#F1 #ImolaGP",2024-05-15T10:00:00Z,UCB_qr75-ydFVKSF9Dmo6izg,FORMULA 1,F1|Formula One|Formula 1|Sports|Sport|Action|GP|Grand Prix|Auto Racing|Motor Racing,17,PT36S,258565,10631,238,0,https://i.ytimg.com/vi/-kEzL7rE7dc/hqdefault.jpg
waEwZWrG3Eg,"""You Gotta Either Be Blind or Stupid to not See Me"" üò°","Juan Pablo Montoya was never one to mince his words - famously doing so after this tense first-lap duel with Michael Schumacher in Imola.

For more F1¬Æ videos, visit https://www.Formula1.com

Follow F1¬Æ:
https://www.instagram.com/F1
https://www.facebook.com/Formula1/
https://www.twitter.com/F1
https://www.twitch.tv/formula1
https://www.tiktok.com/@f1

#F1 #ImolaGP",2024-05-14T10:00:56Z,UCB_qr75-ydFVKSF9Dmo6izg,FORMULA 1,,17,PT1M,3431932,109150,1878,0,https://i.ytimg.com/vi/waEwZWrG3Eg/hqdefault.jpg
3ZDP46boKcg,üí• Double Overtake!,"Watch Daniil Kvyat‚Äôs speedy double overtake during the 2020 Emilia-Romagna Grand Prix.

For more F1¬Æ videos, visit https://www.Formula1.com

Follow F1¬Æ:
https://www.instagram.com/F1
https://www.facebook.com/Formula1/
https://www.twitter.com/F1
https://www.twitch.tv/formula1
https://www.tiktok.com/@f1

#F1",2024-05-12T17:00:02Z,UCB_qr75-ydFVKSF9Dmo6izg,FORMULA 1,,17,PT18S,328879,14414,114,0,https://i.ytimg.com/vi/3ZDP46boKcg/hqdefault.jpg
t5pcLH4WwJA,LIVE Race I F1 Sim Racing World Championship 2023/2024 I Round 12 I Yas Marina,"The F1 Sim Racing World Championship 2023/2024 will continue as Yas Marina is the next two tracks up on the calendar - It is all coming down to this! Who will take home the championship? 

Never miss any of the F1 Sim Racing World Championship action!

Follow us right here ‚§µÔ∏è
Twitter link: https://twitter.com/F1eSports
Instagram link: https://www.instagram.com/f1esports/
TikTok link: https://www.tiktok.com/@f1esports
Twitch link: https://www.twitch.tv/formula1
Facebook link: https://www.facebook.com/f1esports

#F1 #Formula1 #F1Esports",2024-05-09T16:55:13Z,UCB_qr75-ydFVKSF9Dmo6izg,FORMULA 1,F1|formula 1|formula one|f1 23|formula 1 23|formula one 23|f1 esports|formula 1 esports|f1 sim racing|formula 1 simracing|formula 1 sim racing|kick f1 f1|mercedes f1|ferrari f1|alphatauri f1|aston martin f1|williams f1|alpine f1|mclaren shadow|mclaren f1|haas f1|Yas Marina f1|Yas Marina gp|Yas Marina,20,PT1H46M,279073,5270,206,0,https://i.ytimg.com/vi/t5pcLH4WwJA/hqdefault.jpg
-GtkGt0fK3w,LIVE: Miami Grand Prix Post Sprint Show,"Join us LIVE in Miami for the post show of the second sprint race.

For more F1¬Æ videos, visit http://www.Formula1.com 
Follow F1¬Æ: http://www.instagram.com/F1 
https://www.facebook.com/Formula1 
http://www.twitter.com/F1 
https://www.twitch.tv/formula1 
https://www.tiktok.com/@f1 

#F1 #MiamiGP",2024-05-04T17:17:44Z,UCB_qr75-ydFVKSF9Dmo6izg,FORMULA 1,F1|Formula One|Formula 1|Sports|Sport|Action|GP|Grand Prix|Auto Racing|Motor Racing|2024 Miami Grand Prix|Miami Grand Prix|Miami|Miami GP|Florida|America|United States,17,PT27M10S,263142,5180,246,0,https://i.ytimg.com/vi/-GtkGt0fK3w/hqdefault.jpg
zkOlziRTQ-s,UNBELIEVABLE DRAMA üòç,"Relive this epic four-way battle for third in the Sprint.

For more F1¬Æ videos, visit https://www.Formula1.com

Follow F1¬Æ:
https://www.instagram.com/F1
https://www.facebook.com/Formula1/
https://www.twitter.com/F1
https://www.twitch.tv/formula1
https://www.tiktok.com/@f1

#F1 #ChineseGP",2024-04-20T05:40:14Z,UCB_qr75-ydFVKSF9Dmo6izg,FORMULA 1,F1|Formula One|Formula 1|Sports|Sport|Action|GP|Grand Prix|Auto Racing|Motor Racing,17,PT50S,211532,13010,166,0,https://i.ytimg.com/vi/zkOlziRTQ-s/hqdefault.jpg
RnROQr2gT_E,FP1 Highlights | 2024 Chinese Grand Prix,"Watch an action-packed practice session for the Chinese Grand Prix as teams and drivers tested set-ups before Sprint Qualifying. Aston Martin‚Äôs Lance Stroll was fastest, while McLaren‚Äôs Oscar Piastri and Red Bull‚Äôs Max Verstappen were behind.

For more F1¬Æ videos, visit https://www.Formula1.com

Follow F1¬Æ:
https://www.instagram.com/F1
https://www.facebook.com/Formula1/
https://www.twitter.com/F1
https://www.twitch.tv/formula1
https://www.tiktok.com/@f1

#F1",2024-04-19T05:56:26Z,UCB_qr75-ydFVKSF9Dmo6izg,FORMULA 1,F1|Formula One|Formula 1|Sports|Sport|Action|GP|Grand Prix|Auto Racing|Motor Racing|2024 Chinese Grand Prix|Chinese Grand Prix|Chinese|China|ChinaGP|Chinese GP|Shanghai,17,PT3M28S,1014588,24798,828,0,https://i.ytimg.com/vi/RnROQr2gT_E/hqdefault.jpg
E5W2L5Yn4uA,Silly Season ü§Ø: What Alonso's Aston Martin Deal Means For The 2025 F1 Driver Market,"With Fernando Alonso confirmed to be racing for Aston Martin in 2025 and beyond on a new multi-year deal, what does this mean for the rest of the F1 grid? We investigate all the permutations and rumours, with drivers like Carlos Sainz, Max Verstappen, Sergio Perez, Sebastian Vettel and more all linked with various different seats.

For more F1¬Æ videos, visit https://www.Formula1.com

Follow F1¬Æ:
https://www.instagram.com/F1
https://www.facebook.com/Formula1/
https://www.twitter.com/F1
https://www.twitch.tv/formula1
https://www.tiktok.com/@f1

#F1",2024-04-17T17:00:08Z,UCB_qr75-ydFVKSF9Dmo6izg,FORMULA 1,F1|Formula One|Formula 1|Sports|Sport|Action|GP|Grand Prix|Auto Racing|Motor Racing,17,PT8M17S,455548,9712,567,0,https://i.ytimg.com/vi/E5W2L5Yn4uA/hqdefault.jpg
pCtbfWvZqyI,Steering Struggles For Maldonado üòÖ,"In 2014, Pastor Maldonado faced some steering issues in FP1 when trying to change the knobs on his steering wheel‚Ä¶ 

For more F1¬Æ videos, visit https://www.Formula1.com

Follow F1¬Æ:
https://www.instagram.com/F1
https://www.facebook.com/Formula1/
https://www.twitter.com/F1
https://www.twitch.tv/formula1
https://www.tiktok.com/@f1

#F1",2024-04-17T16:45:02Z,UCB_qr75-ydFVKSF9Dmo6izg,FORMULA 1,F1|Formula One|Formula 1|Sports|Sport|Action|GP|Grand Prix|Auto Racing|Motor Racing,17,PT43S,132041,5618,113,0,https://i.ytimg.com/vi/pCtbfWvZqyI/hqdefault.jpg
W19TlnIF3yE,Red Bull‚Äôs Cooling Innovations! | F1 TV Tech Talk | Crypto.com,"It‚Äôs prime time for car upgrades and with the Japanese Grand Prix being earlier in the season, Suzuka will be the major test for these. Sam Collins discusses changes Red Bull have made, including how their cooling innovations are influencing other teams.

For more F1¬Æ videos, visit https://www.Formula1.com

Follow F1¬Æ:
https://www.instagram.com/F1
https://www.facebook.com/Formula1/
https://www.twitter.com/F1
https://www.twitch.tv/formula1
https://www.tiktok.com/@f1

#F1",2024-04-05T12:30:29Z,UCB_qr75-ydFVKSF9Dmo6izg,FORMULA 1,F1|Formula One|Formula 1|Sports|Sport|Action|GP|Grand Prix|Auto Racing|Motor Racing|2024 Japanese Grand Prix|Japanese Grand Prix|Japanese|Japan|JapanGP|Japanese GP|Suzuka,17,PT17M29S,424239,8358,301,0,https://i.ytimg.com/vi/W19TlnIF3yE/hqdefault.jpg
e91e2pkgUEo,F3 Sprint Race Highlights | 2024 Australian Grand Prix,"Dutch rookie Laurens van Hoepen starts on pole with his sights set firmly on a first-ever FIA Formula 3 victory, but fellow rookie Martinius Stenshorne starts alongside him, who shares the Dutchman's goal...

For more F1¬Æ videos, visit https://www.Formula1.com

Follow F1¬Æ:
https://www.instagram.com/F1
https://www.facebook.com/Formula1/
https://www.twitter.com/F1
https://www.twitch.tv/formula1
https://www.tiktok.com/@f1

#F3 #RoadToF1",2024-03-23T08:00:23Z,UCB_qr75-ydFVKSF9Dmo6izg,FORMULA 1,F1|Formula One|Formula 1|Sports|Sport|Action|GP|Grand Prix|Auto Racing|Motor Racing,17,PT7M27S,145573,4311,107,0,https://i.ytimg.com/vi/e91e2pkgUEo/hqdefault.jpg
iC2Gvo41qXk,Strike A Pose! üì∏ #shorts,"Stunning poses from behind the scenes of the opening titles for the 2024 F1 season! 

For more F1¬Æ videos, visit https://www.Formula1.com

Follow F1¬Æ:
https://www.instagram.com/F1
https://www.facebook.com/Formula1/
https://www.twitter.com/F1
https://www.twitch.tv/formula1
https://www.tiktok.com/@f1

#F1",2024-03-18T21:00:19Z,UCB_qr75-ydFVKSF9Dmo6izg,FORMULA 1,,17,PT25S,83968,6763,61,0,https://i.ytimg.com/vi/iC2Gvo41qXk/hqdefault.jpg
G0kZsTCcmko,Drivers' Reaction After the Race | 2024 Saudi Arabian Grand Prix,"The grid gives us their thoughts after an action-packed race in Saudi Arabia which saw Ollie Bearman make his F1 debut at just 18 years old and Max Verstappen made it back-to-back wins to kick off the 2024 season.

For more F1¬Æ videos, visit https://www.Formula1.com

Follow F1¬Æ:
https://www.instagram.com/F1
https://www.facebook.com/Formula1/
https://www.twitter.com/F1
https://www.twitch.tv/formula1
https://www.tiktok.com/@f1

#F1",2024-03-09T22:50:39Z,UCB_qr75-ydFVKSF9Dmo6izg,FORMULA 1,F1|Formula One|Formula 1|Sports|Sport|Action|GP|Grand Prix|Auto Racing|Motor Racing,17,PT8M14S,798477,16170,1023,0,https://i.ytimg.com/vi/G0kZsTCcmko/hqdefault.jpg
aHUMfY7Sfx0,I'm Sure We've Seen This Somewhere Before üòÖ #shorts,"For more F1¬Æ videos, visit https://www.Formula1.com

Follow F1¬Æ:
https://www.instagram.com/F1
https://www.facebook.com/Formula1/
https://www.twitter.com/F1
https://www.twitch.tv/formula1
https://www.tiktok.com/@f1

#F1",2024-03-08T19:40:23Z,UCB_qr75-ydFVKSF9Dmo6izg,FORMULA 1,F1|Formula One|Formula 1|Sports|Sport|Action|GP|Grand Prix|Auto Racing|Motor Racing,17,PT15S,236758,13482,120,0,https://i.ytimg.com/vi/aHUMfY7Sfx0/hqdefault.jpg
d_Jj97tBgac,Unbeatable In Bahrain: Maloney‚Äôs F2 Masterclass | 2024 Bahrain Grand Prix,"It was a perfect start to the 2024 FIA Formula 2 season for Sauber Academy driver Zane Maloney, who took victory in the first F2 Feature Race of the year less than 24 hours after winning the Sprint Race!

For more F1¬Æ videos, visit https://www.Formula1.com

Follow F1¬Æ:
https://www.instagram.com/F1
https://www.facebook.com/Formula1/
https://www.twitter.com/F1
https://www.twitch.tv/formula1
https://www.tiktok.com/@f1

#F2 #RoadToF1",2024-03-04T21:00:30Z,UCB_qr75-ydFVKSF9Dmo6izg,FORMULA 1,F1|Formula One|Formula 1|Sports|Sport|Action|GP|Grand Prix|Auto Racing|Motor Racing|rodin motorsport|barbados|bajan|formula 2|gp2|stake f1 team|kick sauber,17,PT3M22S,78047,1825,129,0,https://i.ytimg.com/vi/d_Jj97tBgac/hqdefault.jpg
X1jx2HjVSOg,Track-side Spider-Man Spotted! üòÖüï∏Ô∏è,"Spider Man at F1! 

For more F1¬Æ videos, visit https://www.Formula1.com

Follow F1¬Æ:
https://www.instagram.com/F1
https://www.facebook.com/Formula1/
https://www.twitter.com/F1
https://www.twitch.tv/formula1
https://www.tiktok.com/@f1

#F1",2024-03-03T19:57:16Z,UCB_qr75-ydFVKSF9Dmo6izg,FORMULA 1,,17,PT13S,241209,15163,130,0,https://i.ytimg.com/vi/X1jx2HjVSOg/hqdefault.jpg
s3i3S-biqdA,George Russell Starting The Season Strong! üî• #Shorts,"Charles Leclerc v Carlos Sainz at the 2024 Bahrain Grand Prix.

For more F1¬Æ videos, visit https://www.Formula1.com

Follow F1¬Æ:
https://www.instagram.com/F1
https://www.facebook.com/Formula1/
https://www.twitter.com/F1
https://www.twitch.tv/formula1
https://www.tiktok.com/@f1


#F1",2024-03-02T18:56:22Z,UCB_qr75-ydFVKSF9Dmo6izg,FORMULA 1,,17,PT21S,117701,7172,88,0,https://i.ytimg.com/vi/s3i3S-biqdA/hqdefault.jpg
vN6uDj7l6vM,Alonso Comes to Life! Reacting to Aston Martin's Dream Bahrain Podium,"Fernando Alonso pulled off a stunning comeback to grab a podium finish in his Aston Martin debut! Get the inside scoop on how Fernando Alonso pulled off a dream comeback!

For more F1¬Æ videos, visit https://www.Formula1.com

Follow F1¬Æ:
https://www.instagram.com/F1
https://www.facebook.com/Formula1/
https://www.twitter.com/F1
https://www.twitch.tv/formula1
https://www.tiktok.com/@f1

#F1",2024-02-27T17:00:47Z,UCB_qr75-ydFVKSF9Dmo6izg,FORMULA 1,F1|Formula One|Formula 1|Sports|Sport|Action|GP|Grand Prix|Auto Racing|Motor Racing,17,PT3M34S,87756,3415,140,0,https://i.ytimg.com/vi/vN6uDj7l6vM/hqdefault.jpg
tEaswNxKCVA,What We Learned On Day 2 | F1 Pre-Season Testing 2024,"Lots for Laura Winter, Will Buxton and Jolyon Palmer to discuss after another action-filled day in Bahrain.

For more F1¬Æ videos, visit https://www.Formula1.com

Follow F1¬Æ:
https://www.instagram.com/F1
https://www.facebook.com/Formula1/
https://www.twitter.com/F1
https://www.twitch.tv/formula1
https://www.tiktok.com/@f1

#F1 #F1Testing",2024-02-22T20:22:38Z,UCB_qr75-ydFVKSF9Dmo6izg,FORMULA 1,F1|Formula One|Formula 1|Sports|Sport|Action|GP|Grand Prix|Auto Racing|Motor Racing,17,PT18M37S,361093,6245,344,0,https://i.ytimg.com/vi/tEaswNxKCVA/hqdefault.jpg
8SJoVIFCULA,20 Times Title Rivals Collided!,"From historic showdowns to heart-stopping collisions, witness 20 instances where the quest for victory led to high-speed drama and epic rivalries in this gripping montage of F1's most iconic title rival clashes!

For more F1¬Æ videos, visit https://www.Formula1.com

Follow F1¬Æ:
https://www.instagram.com/F1
https://www.facebook.com/Formula1/
https://www.twitter.com/F1
https://www.twitch.tv/formula1
https://www.tiktok.com/@f1

#F1",2024-02-16T16:57:21Z,UCB_qr75-ydFVKSF9Dmo6izg,FORMULA 1,F1|Formula One|Formula 1|Sports|Sport|Action|GP|Grand Prix|Auto Racing|Motor Racing|Title Rivals|Collided|20 Times|Lewis Hamilton|Hamilton|Max Verstappen|Verstappen|Michael Schumacher|Schumacher|Damon Hill|Hill|Juan Pablo Montoya|Nico Rosberg|Rosberg,17,PT13M26S,1114212,20642,1305,0,https://i.ytimg.com/vi/8SJoVIFCULA/hqdefault.jpg
jgrXIfJTT2I,Lewis Hamilton Joins Ferrari For The 2025 F1 Season!,"Seven-time world champion Lewis Hamilton is departing Mercedes after 11 years to join Scuderia Ferrari in 2025! We analyse the reasons behind the Brit's massive move, and what this could mean for Ferrari, Mercedes, and Carlos Sainz.

For more F1¬Æ videos, visit https://www.Formula1.com

Follow F1¬Æ:
https://www.instagram.com/F1
https://www.facebook.com/Formula1/
https://www.twitter.com/F1
https://www.twitch.tv/formula1
https://www.tiktok.com/@f1

#F1 #LewisHamilton",2024-02-01T21:06:07Z,UCB_qr75-ydFVKSF9Dmo6izg,FORMULA 1,F1|Formula One|Formula 1|Sports|Sport|Action|GP|Grand Prix|Auto Racing|Motor Racing|Lewis Hamilton|Ferrari|Hamilton|Mercedes|Toto Wolff|Charles Leclerc|Leclerc|Carlos Sainz|Sainz|Hamilton Ferrari,17,PT8M35S,2223754,72474,5553,0,https://i.ytimg.com/vi/jgrXIfJTT2I/hqdefault.jpg
pQFNF7KN7LM,12 Times F1 Drivers Got Heated,"Tangles with team mates, tension in the cooldown room and big pit lane bust-ups! 

For more F1¬Æ videos, visit https://www.Formula1.com

Follow F1¬Æ:
https://www.instagram.com/F1
https://www.facebook.com/Formula1/
https://www.twitter.com/F1
https://www.twitch.tv/formula1
https://www.tiktok.com/@f1

#F1",2024-01-11T16:00:29Z,UCB_qr75-ydFVKSF9Dmo6izg,FORMULA 1,F1|Formula One|Formula 1|Sports|Sport|Action|GP|Grand Prix|Auto Racing|Motor Racing|12 Times F1 Drivers Got Heated|F1 Drivers Angry|Angry F1|F1 Angry,17,PT12M7S,6838338,55511,1449,0,https://i.ytimg.com/vi/pQFNF7KN7LM/hqdefault.jpg
2JkXLkvgoPk,"Drain Destroys F1 Car, Part 2 üò≥","Romain Grosjean had a scary shunt during second practice in Malaysia in 2017, as a loose drain cover destroyed the rear-right wheel of his Haas, pitching him into the barrier.

For more F1¬Æ videos, visit https://www.Formula1.com

Follow F1¬Æ:
https://www.instagram.com/F1
https://www.facebook.com/Formula1/
https://www.twitter.com/F1
https://www.twitch.tv/formula1
https://www.tiktok.com/@f1

#F1",2024-01-07T12:15:00Z,UCB_qr75-ydFVKSF9Dmo6izg,FORMULA 1,F1|Formula One|Formula 1|Sports|Sport|Action|GP|Grand Prix|Auto Racing|Motor Racing,17,PT35S,312544,15123,133,0,https://i.ytimg.com/vi/2JkXLkvgoPk/hqdefault.jpg
